Flavor Name,Positive ,Negative
cap vanilla custard v,8,4
rootbeer,5,5
vanilla bean gelato,0,4
fe lemon,2,0
caramel cream,4,0
dairy mi,1,0
menthol,2433,864
d wine,3,6
tfa peanut butter,2,0
raspberry v,1,2
mm,21318,18432
strawberry cloud,30,3
liquid barn,6,3
coconut fl,5,6
pineapp,111,123
vanilla butter,4,6
black honey tobacco,4,0
aromatic,8,1
yogurt v,6,2
grape candy,0,1
yellow cake,62,8
butter caramel,4,0
coconut candy,5,15
vanilla swirl,38,2
em,78480,59536
tfa coco,1,0
cola,1119,351
cpa,115,155
zebra,12,318
zombie killer,4,12
tropical punch,3,9
inw marzipan,0,1
strawberrybanana,2,1
mola,6,8
venom,51,33
peanut butter jelly,6,14
buttered rum,1,0
cantaloupe,10,15
caramel mocha,0,4
rice krispy treat,7,2
vanilla bean ice cream,273,26
custard cream,11,1
rf,6470,3646
koolad,45,27
e vanilla b,10,9
mf,860,739
huckleberry,8,10
koolada,84,54
graham crust,3,0
sweet strawberry capella,1,0
zen garden,22,11
holiday spice,0,2
brandy,3,4
any,12960,5484
bubblegum,48,42
sour cap,0,1
grape,129,145
citric acid,11,6
fa orange,0,2
raspberry fru,1,0
fa cheesecake,4,1
kentucky bourbon,1,5
waffle cap,192,39
red licorice,0,1
gummy candy,6,6
boom,103,82
capella cinnamon danish swirl,1,0
peanut butter v,12,12
vanilla custard v,7,3
gingerbread,6,18
apple pie,174,84
cappuccino,68,18
meringue,92,96
butter rum,0,1
jackfruit,5,1
fa,43143,35421
e cardamom,6,2
pecan,148,130
capella ca,0,3
strawberry d,151,12
e lemonade,17,15
bubble,164,208
tfa blueberry extra,4,0
french vanilla,84,35
maraschino cherry,2,0
yellow e,1,2
mocha,24,19
coconut wat,1,0
raspberry g,7,0
cheesecake,925,135
capella super sweet,0,1
ethyl maltol,48,84
cream,3508,1014
jamaican rum,1,1
strawberry ripe,90,25
after dark,10,4
madagascar vanilla classic,1,0
waffle,2382,648
diy sour,1,0
graham cracker clear,5,5
apple candy,1,3
fuji apple,2,8
yellow cupcake,0,2
ccls,0,6
blueberry lemonade,248,48
nn,7314,5101
cherry blossom,16,6
strawberry kiwi,46,18
starburst,22,21
king,49038,33729
white chocolate,18,60
yp,37296,25802
raspberry r,2,0
sour wizard,1,0
melon mint,1,5
sweet cream cap,2,0
root beer o,1,1
pom,49,78
cap vanilla bean ice,2,0
reven,398,261
inw biscuit,0,4
hard candy,4,2
strawberry del,2,0
french vanilla cream,1,0
blue raspberry ca,2,3
extreme soda,0,1
yo,35526,26190
e,473034,392182
ry double,36,4
menthol liquid,12,2
coconut diy,0,2
freckled lemonade,4,2
raspberry w,0,3
rice pudding,24,3
em sweetener,1,1
la raspberry,0,1
fa liquid amber,0,1
yoghurt,7,14
tfa strawberry ripe,3,2
capella blueberry,0,2
smooth,1084,834
vanilla bourbon,1,4
tfa sweet cream,3,0
coconut rum,1,1
menthol crystal,4,0
cake yellow,3,0
cafe coffee,0,1
vanilla bean i,21,4
toasted almond,6,15
key lime,174,105
capella wild cherry,0,1
caramel can,0,1
blackberry lemonade,1,2
soursweet t,1,0
ygt,0,6
salted caramel,10,5
peanut butter cup,160,120
grapefruit,29,15
cotton candy,36,49
tfa vanilla swirl,5,0
lemon lime,6,10
american red,1,1
blueraspberry,1,4
la cream cheese icing,4,0
d yogurt,3,5
whipped cream,90,12
cinnamon roll,285,30
coconut ext,3,0
ca,29325,21406
vienna cream,3,0
spearmint,84,52
papa smurf,2,10
fruity,621,1098
tart sour,3,1
amber blend,1,0
blood orange,44,36
pe,46286,39228
strawberry capella,2,0
tfa toasted almond,1,0
peanut butter,2775,1975
yuko,2,4
malted milk,1,2
white chocola,3,10
peanut butter cookie,14,2
reunite,1,1
caramel c,55,14
banana cr,86,24
blue raspberry cotton candy,5,0
tiramisu,105,80
root beer,730,20
cinnamon sugar cookie,9,0
cap harvest berry,2,0
cheesecake graham crust,4,0
capella harvest be,1,0
ym,1264,1010
real,27158,10362
y,143168,113787
rice krispy,14,6
orange cream,42,14
raspberry,6624,2592
yellow mango,0,1
vanilla custard,1666,765
peanut butter e,2,2
coconut extract,2,0
strawberry conc,2,0
chestnut,3,1
strawberry,18265,4732
cinnamon,2095,290
white out,0,8
blackberry,19,16
vanilla,1467,798
chocolate cream,27,0
pale,30,27
raspberry cook,1,0
coconut cream base,1,0
yumberry,0,13
licorice,10,10
dragonfruit,306,84
blueberry candy,2,0
honeysuckle,72,69
dragon fruit,82,6
mandarin,8,2
creamy coconut,4,4
peanut butter chocolate,8,4
strawberry r,34,6
vanilla butternut,14,0
sugar coo,29,4
super sour,1,2
sweet grape,1,2
ice cream,222,18
toasted coconut,2,0
banana cream,924,180
sweet strawberry cap,2,0
banana nut bread,24,32
yogurt,1836,2074
chocolate g,13,5
tfa caramel,2,4
passionfruit,8,2
banana gone nut,0,4
ginger,39,37
zzzz,12,12
caramel tobacco,6,0
sour raspberry,0,2
vanilla bean ice crea,21,2
molasses,3,3
acai berry,0,6
strawberry candy,6,14
vanilla bean ic,21,4
raspberry sweet,8,0
sweetener sucralose,6,3
la banana cream,4,1
cream fresh,2,0
a watermelon,6,5
strawberry cheescake,2,0
blue raspberry,621,243
lb strawberry,1,0
tfa caramel candy,0,2
toasted marshmallow,15,0
raspberry apple,1,1
earl grey tea,32,6
tfa,540,308
pa,19853,14962
yep,248,892
cream whipped,1,0
bse,132,148
pg m,54,31
pumpkin,22,30
new york cheesecake cap,2,0
capella blueberry jam,0,1
blueberry ext,4,0
coconut g,1,1
strawberry cupcake,1,1
biscotti,5,2
vanila,1,0
smoke pipe,4,0
pomegranate,25,25
fa meringue,2,3
coconut ex,3,0
strawberry candy rock,1,0
turkish,19,7
a,439528,363572
inw raspberry,2,0
capella,400,340
nectarine,2,4
fa marshmallow,2,0
strawberry si,1,0
strawberry v,25,6
peanutbutter,12,21
apple sour,0,8
raspberry h,5,1
wale,2,3
fa caramel,2,6
coffee,1174,584
yog,183,213
sweetner drop,1,0
caramel v,32,12
caramel candy,0,32
blueberry,4120,960
z,57490,51055
pie crust,12,3
bergamot,0,1
cap vanilla custard,4,6
sour apple,9,19
creme de menthe,10,4
cake batter,20,5
honeydew,129,144
black licorice,8,1
tfa vanilla custard,2,0
cinnamon danish,55,0
blue raspberry slush,1,1
fruity flake,0,2
capel,40,34
cinnamon churro,1,0
vanilla bean ice cream t,2,1
rhubarb custard,2,0
e yogurt,9,6
ve,59693,45622
shenanigan,12,3
strawberry concentrate,2,0
caramel cappuccino,2,0
caramel,10032,5130
mango,500,1112
sweetener,215,405
berry crunch,117,18
rhm,5,6
yg,179,253
strawberry cap,2,0
yougurt,0,22
banana,5028,2808
vanilla bean ice,63,12
tutti frutti,4,0
chocolate,861,216
vanilla c,338,154
horchata,89,116
fruit circle,12,0
coconut cookie,1,0
yun,13,13
tfa sweetener,2,3
cheesecake graham cracker,1,0
la cheesecake,1,0
anana cream,77,15
hazelnut,455,112
berrylicious,1,0
e brown sugar,14,0
fw,203,288
vanilla bean gel,0,1
blue raspberry fl,6,2
clove,54,34
ma,79702,59760
tobacco ab,1,1
single,24944,9184
roope,15,8
skittle,19,17
caramel cap,2,8
red velvet cake,12,3
dairy milk,4,0
caramel cappucci,1,0
menthol eucalyptus,2,0
bacon,190,115
vanilla custard cap,1,0
cloud,2144,1729
vanilla cupcake,88,72
banana g,10,12
orange,848,952
lb strawberry cheesecake,1,0
thug juice,31,29
frosted donut,4,0
peach juicy,2,0
yt,49256,22080
almond,192,200
cap,41022,35442
pear,2280,1965
blueberry extra,4,0
caramel macchiato,2,4
apple green,2,0
new raspberry,1,0
absinthe,20,28
apple,3156,1928
y ac,2080,1492
strawberry cheesecake,158,8
dr pepper,9,2
yellow color,2,3
cap sweet strawberry,8,8
eggnog,6,6
beer,300,201
tangerine,14,16
mg nicotine,131,82
butter,1252,1080
blue lemonade,3,0
sugar cookie cap,2,0
caramel original,20,0
candy watermelon,18,72
graham cracker,282,54
butterscotch,222,264
raspberry e,0,1
pomegrana,25,25
ananas,14,20
vanilla raspberry,0,2
c rum,2,0
gummi bear,1,1
your,42980,22407
ginger ale,5,1
rew,2879,2214
graham cracker dark,1,0
ripe a,3,2
leaf,958,294
ripe banana,12,0
c custard,2,1
lemon meringue pie,19,22
rob,6537,5258
greek yogurt,6,6
dulce de leche,12,2
wintergreen,48,32
fuck the rule,1,0
zebra stripe gum,11,44
cookie,125,48
cap super sweet,0,3
bf,300,274
cap sugar cookie,6,2
banana coconut,6,6
watermelon,2338,5320
cranberry,22,12
yummy gummy,7,0
tfa vanilla bean ice cream,6,0
blueberry cinnamon crumble,1,0
peppermint,27,36
caramel ca,2,5
caramel butter,0,1
dutch apple pie,3,1
zebra stripe,1,4
super s,184,192
sweet cream,423,90
double chocolate clear,1,0
tobacco,4449,2070
fa almond,1,1
pink champagne,1,1
rex,50,35
a raspberry,10,5
rhubarb,6,4
banana foster,2754,1062
coconut cream,12,6
cap butter cream,2,0
cap sweet cream,4,0
caramel apple,18,4
condensed milk,3,6
cara,276,144
dunhill,2,1
cap cinnamon danish,2,0
la watermelon,1,2
coconut,3182,3612
acetyl pyrazine,24,12
banana fo,460,179
papaya,10,16
boysenberry,0,6
cap cinnamon danish swirl,2,0
b custard,3,0
fa apple pie,1,0
cap vanilla bean ice cream,3,0
la peach,2,2
coconut milk,2,3
raspberry one,3,2
pumpkin spice,9,24
c lemon,0,1
af caramel,1,0
oko,96,87
super sweet,24,26
key lime pie,44,27
frontier,7,7
vanilla custard cream,4,0
strawberry cheese cake,2,1
tobacco flavour,16,9
marshmallow,568,48
zooch,4,4
vanillin,1,1
e strawberry,267,73
blackber,19,16
strawberry b,75,23
butter toffee,0,1
fw hazelnut,2,0
black cherry,35,10
fw yellow cake,2,2
vape wizard,1,0
afternoon delight,4,12
room temp,71,37
chocolate hazelnut,3,0
strawberry c,350,44
em sweete,1,1
chai tea,14,1
rice krispies,2,2
strawberry ca,11,10
jungle juice,13,4
pineapple,333,369
capella cool mint,2,2
n nut,11,16
fa bavarian cream,3,1
lemon,1198,506
lacaramel,3,0
black raspberry,0,1
sassafras,4,0
key l,156,86
coconut lemongrass,1,0
wild cherry,4,4
apricot,42,15
strawberry milk,149,65
vanilla bean g,0,1
peach,633,504
e sucralose,14,10
cap graham cracker,1,0
beer hang,0,2
v,100346,80818
tres lech,6,0
juice,35151,34944
blueberry ice,4,1
apple ca,3,4
peanut but,111,79
peanut,126,99
tfa sour,0,2
blackcurrant,3,4
e custard,61,29
lemonade,196,97
cherry,127,61
root,294,56
capella ban,0,1
menthol blend,2,3
strawberry sweet,4,0
strawberry tf,2,0
candy corn,0,2
titty,16,17
coca,24,26
irish cream,54,9
coconut vi,2,0
coconut extra,14,0
brown sugar,100,12
br,8395,5868
any one,11,15
amaretto,32,24
c key lime,1,0
s raspberry,3,0
la caramel,8,4
lkj,2,2
custard,641,241
tobacco blend,11,3
d cookie,10,3
cooling agent,2,3
black forest,1,0
lemon sicily,8,0
lychee,24,33
guava,43,18
kiwi double,1,1
horchata cap,2,1
hawk sauce,80,3
caramell,1,0
green apple,116,108
maple syrup,8,20
blue raspberry slushy,0,1
coconut cream pie,4,4
cherry limeade,3,1
c r,522,328
fa cream fresh,1,0
sour,14660,12600
bavarian cream,408,48
banana split,120,210